PMID,E2,E2_ACC,E3,E3_complex,E3_ACC,SUB,SUB_ACC,Site,Sequence,Evidence for Site,DUB,DUB_ACC,DUB_PMID
18037895,,,AMFR2_HUMAN,,Q9UKV5,CD82_HUMAN,P27701,,,,,,
11724934,UB2G1,P62253,AMFR2_HUMAN,,Q9UKV5,CD3D_HUMAN,P04234,,,,,,
19103148,UB2G1,P62253,AMFR2_HUMAN,,Q9UKV5,CP3A4_HUMAN,P08684,,,,,,
"11739784, 10922056",UB2D2,P62837,APC11_HUMAN,APC complex,Q9NYG5,CCNB1_HUMAN,P14635,,,,,,
"11739784, 10922056",UBE2C,O00762,APC11_HUMAN,APC complex,Q9NYG5,CCNB1_HUMAN,P14635,,,,,,
16040610,,,APC11_HUMAN,APC complex,Q9NYG5,ANLN_HUMAN,Q9NQW6,,,,,,
10922056,UB2D2,P62837,APC11_HUMAN,APC complex,Q9NYG5,PTTG1_HUMAN,O95997,,,,,,
9635433,,,APC11_HUMAN,APC complex,Q9NYG5,GEMI_HUMAN,O75496,,,,,,
15963499,,,ARI1_HUMAN,,Q9Y4X5,SIM2_HUMAN,Q14190,,,,,,
14623119,UB2L3,P68036,ARI1_HUMAN,,Q9Y4X5,IF4E2_HUMAN,O60573,,,,,,
16118314,UB2L3,P68036,ARI2_HUMAN,,O95376,ARI2_HUMAN,O95376,,,,,,
"20097753, 18997792",,,BIRC2_HUMAN,,Q13490,TRAF3_HUMAN,Q13114,,,,,,
"16282325, 12525502",,,BIRC2_HUMAN,,Q13490,DBLOH_HUMAN,Q9NR28,,,,,,
20097753,,,BIRC2_HUMAN,,Q13490,TRAF6_HUMAN,Q9Y4K3,,,,,,
19258326,UB2D1,P51668,BIRC2_HUMAN,,Q13490,CASP3_HUMAN,P42574,,,,,,
19258326,UB2L3,P68036,BIRC2_HUMAN,,Q13490,CASP3_HUMAN,P42574,,,,,,
19258326,UB2D1,P51668,BIRC2_HUMAN,,Q13490,CASP7_HUMAN,P55210,,,,,,
18939944,,,BIRC2_HUMAN,,Q13490,M3K14_HUMAN,Q99558,,,,,,
18570872,UB2D1,P51668,BIRC2_HUMAN,,Q13490,RIPK1_HUMAN,Q13546,,,,,,
18570872,UBE2N,P61088,BIRC2_HUMAN,,Q13490,RIPK1_HUMAN,Q13546,,,,,,
16282325,,,BIRC2_HUMAN,,Q13490,TRAF2_HUMAN,Q12933,,,,,,
15468071,,,BIRC3_HUMAN,,Q13489,TRAF1_HUMAN,Q13077, K193,KLLAELEGKLRVFENIV,MS and mutation,,,
15468071,,,BIRC3_HUMAN,,Q13489,TRAF1_HUMAN,Q13077, K185,ALQHFMKEKLLAELEGK,MS and mutation,,,
20097753,,,BIRC3_HUMAN,,Q13489,TRAF3_HUMAN,Q13114,,,,,,
20097753,,,BIRC3_HUMAN,,Q13489,TRAF6_HUMAN,Q9Y4K3,,,,,,
19279678,,,BIRC3_HUMAN,,Q13489,BCL10_HUMAN,O95999,,,,,,
18939944,,,BIRC3_HUMAN,,Q13489,M3K14_HUMAN,Q99558,,,,,,
18570872,UB2D1,P51668,BIRC3_HUMAN,,Q13489,RIPK1_HUMAN,Q13546,,,,,,
10862606,,,BIRC3_HUMAN,,Q13489,CASP3_HUMAN,P42574,,,,,,
10862606,,,BIRC3_HUMAN,,Q13489,CASP7_HUMAN,P55210,,,,,,
16729033,,,BIRC7_HUMAN,,Q96CA5,DBLOH_HUMAN,Q9NR28,,,,,,
18650381,,,BMI1_HUMAN,PRC1 complex,P35226,GEMI_HUMAN,O75496,,,,,,
14724641,,,BRAP_HUMAN,,Q7Z569,BRAP_HUMAN,Q7Z569,,,,,,
"17579243, 17392432",UB2D3,P61077,BRCA1_HUMAN,BRCA1/BARD1 complex,P38398,ESR1_HUMAN,P03372,,,,,,
19916563,,,BRCA1_HUMAN,BRCA1/BARD1 complex,P38398,H2A1_HUMAN,P0C0S8,,,,UBP21_HUMAN,Q9UK80 ,18172164
19916563,,,BRCA1_HUMAN,BRCA1/BARD1 complex,P38398,H2B1A_HUMAN,Q96A08,,,,,,
19887602,UBE2T,Q9NPD8,BRCA1_HUMAN,BRCA1/BARD1 complex,P38398,BRCA1_HUMAN,P38398,,,,,,
19287951,,,BRCA1_HUMAN,BRCA1/BARD1 complex,P38399,ESR1_HUMAN,P03372,,,,,,
19274767,,,BRCA1_HUMAN,,P38398,TBG1_HUMAN,P23258,,,,,,
19164445,,,BRCA1_HUMAN,BRCA1/BARD1 complex,P38398,NR1H3_HUMAN,Q13133,,,,,,
18162055,,,BRCA1_HUMAN,,P38398,TOP2 alpha,Q2PQ59,,,,,,
17283126,UB2D3,P61077,BRCA1_HUMAN,BRCA1/BARD1 complex,P38398,RPAB3_HUMAN,P52434,,,,,,
16818604,,,BRCA1_HUMAN,,P38398,COM1_HUMAN,Q99708,,,,,,
15184379,UB2D3,P61077,BRCA1_HUMAN,BRCA1/BARD1 complex,P38398,NPM_HUMAN,P06748,,,,,,
11239454,,,BRCA1_HUMAN,,P38398,FACD2_HUMAN,Q9BXW9,,,,,,
"16307923, 21329877",,,BRE1A_HUMAN,RNF20/40 complex,Q5VTR2,H2B1A_HUMAN,Q96A08, K121,SEGTKAVTKYTSSK---,mutation,,,
19037095,,,BRE1A_HUMAN,,Q5VTR2,PA2G4_HUMAN,Q9UQ80,,,,,,
12121982,UB2L6,O14933,BRE1B_HUMAN,,O75150 ,STX1A_HUMAN,Q16623,,,,,,
"16307923, 21329877",,,BRE1B_HUMAN ,RNF20/40 complex,O75150 ,H2B1A_HUMAN,Q96A08, K121,SEGTKAVTKYTSSK---,mutation,,,
19880496,,,CBL_HUMAN,,P22681,TPOR_HUMAN,P40238, K553,DTAALSPPKATVSDTCE,mutation,,,
"12754251, 15465819, 18508924, 19270726",UB2D2,P62837,CBL_HUMAN,,P22681,EGFR_HUMAN,P00533,,,,,,
20100865,,,CBL_HUMAN,,P22681,EPHA8_HUMAN,P29322,,,,,,
20085752,,,CBL_HUMAN,,P22681,CD5_HUMAN,P06127,,,,,,
20037154,,,CBL_HUMAN,,P22681,NFAC1_HUMAN,O95644,,,,,,
19909244,,,CBL_HUMAN,,P22681,PLCG1_HUMAN,P19174,,,,,,
19696027,,,CBL_HUMAN,,P22681,PGFRB_HUMAN,P09619,,,,,,
19689429,,,CBL_HUMAN,,P22681,TIE2_HUMAN,Q02763,,,,,,
19423641,,,CBL_HUMAN,,P22681,SPY2_HUMAN,O43597,,,,,,
19401194,,,CBL_HUMAN,,P22681,STAP2_HUMAN,Q9UGK3,,,,,,
19201892,,,CBL_HUMAN,,P22681,FCG2A_HUMAN,P12318,,,,,,
18769124,,,CBL_HUMAN,,P22681,ERBB2_HUMAN,P04626,,,,,,
18632619,UB2D2,P62837,CBL_HUMAN,,P22681,IGF1R_HUMAN,P08069,,,,,,
17094949,,,CBL_HUMAN,,P22681,SPRE2_HUMAN,Q7Z698,,,,,,
16780420,,,CBL_HUMAN,,P22681,KIT_HUMAN,P10721,,,,,,
16004964,,,CBL_HUMAN,,P22681,IL2RG_HUMAN,P31785,,,,,,
15837792,,,CBL_HUMAN,,P22681,IRF8_HUMAN,Q02556,,,,,,
15728256,,,CBL_HUMAN,,P22681,FGFR2_HUMAN,P21802,,,,,,
12671687,,,CBL_HUMAN,,P22681,CRKL_HUMAN,P46109,,,,,,
12593796,,,CBL_HUMAN,,P22681,SPY2_HUMAN,O43597,,,,,,
12475393,,,CBL_HUMAN,c-Cbl/ArgBP2 complex,P22681,ABL1_HUMAN,P00519,,,,,,
12435267,,,CBL_HUMAN,,P22681,FGR_HUMAN,P09769,,,,,,
12435267,,,CBL_HUMAN,,P22681,KSYK_HUMAN,P43405,,,,,,
10940298,,,CBL_HUMAN,,P22681,ERBB2_HUMAN,P04626,,,,,,
10514377,,,CBL_HUMAN,,P22681,PGFRB_HUMAN,P09619,,,,,,
12226085,,,CBLC_HUMAN,,Q9ULV8,EGFR_HUMAN,P00533,,,,,,
14661060,,,CBLC_HUMAN,,Q9ULV8,SRC_HUMAN,P12931,,,,,,
11807090,UB2D2,P62837,CHFR_HUMAN,,Q96EP1,PLK1_HUMAN,P53350,,,,,,
11912157,UB2D2,P62837,CHFR_HUMAN,,Q96EP1,CHFR_HUMAN,Q96EP1,,,,,,
"11912157, 17442268",UB2D1,P51668,CHFR_HUMAN,,Q96EP1,CHFR_HUMAN,Q96EP1,,,,,,
19182791,,,CHFR_HUMAN,,Q96EP1,HDAC1_HUMAN,Q13547,,,,,,
15793587,,,CHFR_HUMAN,,Q96EP1,STK6_HUMAN,O14965,,,,,,
19103148,,,CHIP_HUMAN,,Q9UNE7,CP3A4_HUMAN,P08684,,,,,,
18784277,,,CHIP_HUMAN,Hsp70/90 complex,Q9UNE7,GCR_HUMAN,P04150,,,,,,
18784277,,,CHIP_HUMAN,Hsp70/90 complex,Q9UNE7,NOS1_HUMAN,P29475,,,,,,
18784277,,,CHIP_HUMAN,Hsp70/90 complex,Q9UNE7,ATX3_HUMAN,P54252,,,,,,
14962978,,,CHIP_HUMAN,Hsp70/90 complex,Q9UNE7,TAU_HUMAN,P10636,,,,,,
11743028,,,CHIP_HUMAN,,Q9UNE7,CHIP_HUMAN,Q9UNE7,,,,,,
12612082,,,CIP1_HUMAN,,Q9NPC3,CCNB1_HUMAN,P14635,,,,,,
19346402,,,CNOT4_HUMAN,,O95628,KDM5C_HUMAN,P41229,,,,,,
11823428,UB2D2,P62837,CNOT4_HUMAN,CCR4-NOT complex,O95628,CNOT4_HUMAN,O95628,,,,,,
12670957,,,DTX1_HUMAN,,Q86Y01,DTX1_HUMAN,Q86Y01,,,,,,
12670957,,,DTX2_HUMAN,,Q86UW9,DTX2_HUMAN,Q86UW9,,,,,,
12670957,,,DTX3_HUMAN,,Q8N9I9,DTX3_HUMAN,Q8N9I9,,,,,,
19818714,,,DTX3L_HUMAN,,Q8TDB6,H4_HUMAN,P62805, K92,AMDVVYALKRQGRTLYG,mutation,,,
12670957,,,DTX3L_HUMAN,,Q8TDB6,DTX3L_HUMAN,Q8TDB6,,,,,,
19589784,UBE2W,Q96B02,FANCL_HUMAN,,Q9NW38,FANCI_HUMAN,Q9NVI1, K523,DCLILVLRKAMFANQLD,mutation,,,
"19111657. 14712086, 12973351",UBE2T,Q9NPD8,FANCL_HUMAN,,Q9NW38,FACD2_HUMAN,Q9BXW9,,,,,,
9859996,UB2D3,P61077,FBW1A_HUMAN,SCF(BTRC),Q9Y297,IKBA_HUMAN,P25963,,,,,,
20023404,,,FBX6_HUMAN,SCF(FBXO6),Q9NRD1,CHK1_HUMAN,O14757,,,,,,
19084516,,,FBXW7_HUMAN,SCF(FBXW7),Q969H0,CCNE2_HUMAN,O96020,,,,,,
18784078,,,FBXW7_HUMAN,SCF(FBXW7),Q969H0,CCNE1_HUMAN,P24864,,,,,,
11836526,,,HAKAI_HUMAN,,Q75N03,CADH1_HUMAN,P12830,,,,,,
18316726,UBE2N,P61088,HLTF_HUMAN,Rad6-Rad18 or Mms2-Ubc13  complex,Q14527,PCNA_HUMAN,P12004, K164,DAVVISCAKDGVKFSAS,,UBP1_HUMAN,O94782,20129063
18711448,,,HOIL1_HUMAN,,Q9BYM8,IRF3_HUMAN,Q14653,,,,,,
17449468,,,HOIL1_HUMAN,,Q9BYM8,TAB2_HUMAN,Q9NYJ8,,,,,,
17449468,,,HOIL1_HUMAN,,Q9BYM8,TAB3_HUMAN,Q8N5C8,,,,,,
19483087,,,ZN363_HUMAN,,Q96PM5,P53_HUMAN,P04637,,,,,,
16914734,,,ZN363_HUMAN,,Q96PM5,HDAC1_HUMAN,Q13547,,,,,,
18006823,,,ZN363_HUMAN,,Q96PM5,CDN1B_HUMAN,P46527,,,,,,
19880507,,,ITCH_HUMAN,,Q96J02,SHIP2_HUMAN,O15357, K315,IPVQAFEVKLDVTLGDL,MS and mutation,,,
20064471,,,ITCH_HUMAN,,Q96J02,TGIF1_HUMAN,Q15583, K259,SVESVMGIKNFMPALEE,mutation,,,
19737936,,,ITCH_HUMAN,,Q96J02,MP2K4_HUMAN,P45985, K143,STVDEKEQKQLLMDLDV,mutation,,,
19737936,,,ITCH_HUMAN,,Q96J02,MP2K4_HUMAN,P45985, K140,RIRSTVDEKEQKQLLMD,mutation,,,
20068034,,,ITCH_HUMAN,,Q96J02,TXNIP_HUMAN,Q9H3M7,,,,,,
19592251,,,ITCH_HUMAN,,Q96J02,RIPK2_HUMAN,O43353,,,,,,
19341794,,,ITCH_HUMAN,,Q96J02,CBL_HUMAN,P22681,,,,,,
19341794,,,ITCH_HUMAN,,Q96J02,SHLB1_HUMAN,Q9Y371,,,,,,
19116316,,,ITCH_HUMAN,,Q96J02,CXCR4_HUMAN,P61073,,,,,,
19096009,,,ITCH_HUMAN,,Q96J02,P73_HUMAN,O15350,,,,,,
10940313,,,ITCH_HUMAN,,Q96J02,NOTC3_HUMAN,Q9UM47,,,,,,
20027226,,,KEAP1_HUMAN,Keap1-Cul3-Rbx1 complex,Q14145,NF2L2_HUMAN,Q16236,,,,,,
19158078,UB2D1,P51668,KLHL8_HUMAN,KLHL8/CUL3,Q9P2G9,RAPSN_HUMAN,complex,,,,,,
11782429,,,LNX1_HUMAN,,Q8TBB1,SRC_HUMAN,P12931,,,,,,
17936276,,,LNX1_HUMAN,,Q8TBB1,NUMB_HUMAN,P49757,,,,,,
15256501,,,LRSM1_HUMAN,,Q6UWE0,TS101_HUMAN,Q99816,,,,,,
12049732,,,M3K1_HUMAN,,Q13233,MK03_HUMAN,P27361,,,,,,
17101801,,,M3K1_HUMAN,,Q13233,JUN_HUMAN,P05412,,,,,,
"18305173, 17255932, 18389477",,,MARH1_HUMAN,,"Q8TCQ1	",2B1E_HUMAN,"Q9GIY3	",,,,,,
17980554,,,MARH2_HUMAN,,"Q9P0N8	",DLG1_HUMAN,"Q12959	",,,,,,
14722266,,,MARH4_HUMAN,,Q9P2E8,2B1E_HUMAN,"Q9GIY3	",,,,,,
"16874301, 20103533, 16936636",,,MARH5_HUMAN,,Q9NX47,UTRO_HUMAN,P46939,,,,,,
"16874301, 20103533",,,MARH5_HUMAN,,Q9NX47,FIS1_HUMAN,Q9Y3D6,,,,,,
19651899,,,MARH6_HUMAN,,O60337,IOD2_HUMAN,Q92813,,,,,,
15673284,,,MARH6_HUMAN,,O60337,MARH6_HUMAN,O60337,,,,,,
18410486,UBE2N,P61088,MARH7_HUMAN,,Q9H992,MARH7_HUMAN,Q9H992,,,,Q6P468_HUMAN,Q6P468,18410486
18410486,UBE2N,P61088,MARH7_HUMAN,,Q9H992,MARH7_HUMAN,Q9H992,,,,UBP7_HUMAN,Q93009,18410486
"20089858, 19661182",,,MARH8_HUMAN,,Q5T0T0,ATX3_HUMAN,P54252,,,,,,
19661182,,,MARH8_HUMAN,,Q5T0T0,SODC_HUMAN,P00441,,,,,,
19117940,,,MARH8_HUMAN,,Q5T0T0,HG2A_HUMAN,P04233,,,,,,
19103148,,,MARH8_HUMAN,,Q5T0T0,CP3A4_HUMAN,P08684,,,,,,
"17174307, 14722266",,,MARH9_HUMAN,,Q86YJ5,ICAM1_HUMAN,P05362,,,,,,
17604280,,,MARHB_HUMAN,,A6NNE9,CD4_HUMAN,P01730,,,,,,
19808967,,,MDM2_HUMAN,,Q00987,RUNX3_HUMAN,Q13761, K94,NKTLPVAFKVVALGDVP,mutation,,,
19808967,,,MDM2_HUMAN,,Q00987,RUNX3_HUMAN,Q13761, K148,FVGRSGRGKSFTLTITV,mutation,,,
19372219,,,MDM2_HUMAN,,Q00987,PDE4D_HUMAN,Q08499, K78,MLLSSNIPKQRRFTVAH,mutation,,,
19372219,,,MDM2_HUMAN,,Q00987,PDE4D_HUMAN,Q08499, K53,TARKSVSPKLSPVISPR,mutation,,,
19372219,,,MDM2_HUMAN,,Q00987,PDE4D_HUMAN,Q08499, K48,HEKSKTARKSVSPKLSP,mutation,,,
17101973,,,MDM2_HUMAN,,Q00987,AQP2_HUMAN,P41181, K270,PQSLPRGTKA-------,mutation,,,
19372219,,,MDM2_HUMAN,,Q00987,PDE4D_HUMAN,Q08499, K140,DSDYDLSPKSMSRNSSI,mutation,,,
20153724,,,MDM2_HUMAN,,Q00987,DAXX_HUMAN,Q9UER7,,,,UBP7_HUMAN, Q93009,20153724
19683495,,,MDM2_HUMAN,,Q00987,RT07_HUMAN,Q9Y2R9,,,,,,
19617712,,,MDM2_HUMAN,,Q00987,HEXI1_HUMAN,O94992,,,,,,
19318567,,,MDM2_HUMAN,,Q00987,GNL3_HUMAN,Q9BVP2,,,,,,
19247369,,,MDM2_HUMAN,,Q00987,XRCC6_HUMAN,P12956,,,,,,
19219073,,,MDM2_HUMAN,,Q00987,APEX1_HUMAN,P27695,,,,,,
18784257,UB2D3,P61077,MDM2_HUMAN,,Q00987,UT2_HUMAN,Q15849,,,,,,
18784257,UB2D1,P51668,MDM2_HUMAN,,Q00987,UT2_HUMAN,Q15849,,,,,,
18784078,,,MDM2_HUMAN,ku70/HDM2 complex,Q00987,CCNE1_HUMAN,P24864,,,,,,
18332867,,,MDM2_HUMAN,,Q00987,ANDR_HUMAN,P10275,,,,,,
17229889,UB2D1,P51668,MGRN1_HUMAN,,O60291,TS101_HUMAN,Q99816,,,,,,
19536131,,,MKRN1_HUMAN,,Q9UHC7,P53_HUMAN,P04637, K292,TEEENLRKKGEPHHELP,mutation,,,
19536131,,,MKRN1_HUMAN,,Q9UHC7,P53_HUMAN,P04637, K291,RTEEENLRKKGEPHHEL,mutation,,,
19536131,,,MKRN1_HUMAN,,Q9UHC7,CDN1A_HUMAN,P38936,,,,,,
15805468,,,MKRN1_HUMAN,,Q9UHC7,TERT_HUMAN,O14746,,,,,,
18213395,,,MUL1_HUMAN,,Q969V5,MUL1_HUMAN,Q969V5,,,,,,
18308511,,,MYCB2_HUMAN,,O75592,TSC2_HUMAN,P49815,,,,,,
19423771,,,NED4L_HUMAN,,Q96PU5,PSPC_HUMAN,P11686, K6,---MDVGSKEVLMESPP,mutation,,,
19917253,,,NED4L_HUMAN,,Q96PU5,SMAD3_HUMAN,P84022,,,,,,
19381069,,,NED4L_HUMAN,,Q96PU5,APBB1_HUMAN,O00213,,,,,,
19144635,,,NED4L_HUMAN,,Q96PU5,ACK1_HUMAN,Q07912,,,,,,
17003038,,,NED4L_HUMAN,,Q96PU5,S38A2_HUMAN,Q96QD8,,,,,,
15217910,,,NED4L_HUMAN,,Q96PU5,SCN5A_HUMAN,Q14524,,,,,,
15489223,,,NED4L_HUMAN,,Q96PU5,CLCN5_HUMAN,P51795,,,,,,
12911626,,,NED4L_HUMAN,,Q96PU5,EAA1_HUMAN,P43003,,,,,,
15576372,,,NED4L_HUMAN,,Q96PU5,SGK1_HUMAN,O00141,,,,,,
15496141,,,NED4L_HUMAN,,Q96PU5,TGFR1_HUMAN,P36897,,,,,,
15496141,,,NED4L_HUMAN,,Q96PU5,SMAD2_HUMAN,Q15796,,,,,,
15040001,,,NED4L_HUMAN,,Q96PU5,KCNA3_HUMAN,P22001,,,,,,
15930137,,,NHLC1_HUMAN,,Q6VVB1,EPM2A_HUMAN,O95278,,,,,,
18070875,,,NHLC1_HUMAN,,Q6VVB1,PPR3C_HUMAN,Q9UQK1,,,,,,
17908927,,,NHLC1_HUMAN,,Q6VVB1,GDE_HUMAN,P35573,,,,,,
12826607,,,OSTM1_HUMAN,,Q86WC4,GNAI3_HUMAN,P08754,,,,,,
18460542,,,PCGF1_HUMAN,,Q9BSM1,H2A1_HUMAN,P0C0S8,,,,UBP3_HUMAN ,Q9Y6I4,17980597
15283676,UB2D2,P62837,PEX10_HUMAN,,O60683,PEX5_HUMAN,P50542,,,,,,
"16247473, 12036302",UB2D2,P62837,PJA1_HUMAN,,Q8NG27,ELF1_HUMAN,P32519,,,,,,
"16247473, 12036302",UB2D2,P62837,PJA1_HUMAN,,Q8NG27,SMAD3_HUMAN,P84022,,,,,,
12036302,UB2D2,P62837,PJA2_HUMAN,,O43164,PJA2_HUMAN,O43164,,,,,,
20098416,,,PRKN2_HUMAN,,O60260,VDAC1_HUMAN,P21796,,,,,,
19229105,,,PRKN2_HUMAN,,O60260,SNCAP_HUMAN,Q9Y6H5,,,,,,
19146857,,,PRKN2_HUMAN,,O60260,PDCD2_HUMAN,Q16342,,,,,,
17059562,,,PRKN2_HUMAN,,O60260,GPR37_HUMAN,O15354,,,,,,
16135753,,,PRKN2_HUMAN,,O60260,AIMP2_HUMAN,Q13155,,,,,,
15963499,,,PRKN2_HUMAN,,O60260,SIM2_HUMAN,Q14190,,,,,,
11078524,UB2L6,O14933,PRKN2_HUMAN,,O60260,ATX3_HUMAN,P54252,,,,,,
11078524,UB2L6,O14933,PRKN2_HUMAN,,O60260,Q99648_HUMAN,Q99648,,,,,,
17576800,,,PZRN3_HUMAN,,Q9UPQ7,MUSK_HUMAN,O15146,,,,,,
12853982,,,R144B_HUMAN,,Q7Z419,CDN1A_HUMAN,P38936,,,,,,
17720710,,,RAD18_HUMAN,,Q9NS91,PCNA_HUMAN,P12004,,,,UBP1_HUMAN,O94782,20129063
18245774,,,RAD18_HUMAN,,Q9NS91,RFC2_HUMAN,P35250,,,,,,
12629039,,,RAG1_HUMAN,,P15918,RAG1_HUMAN,P15918,,,,,,
19118899,UBE2H,P62256,RAG1_HUMAN,,P15918,C9JYI4_HUMAN,C9JYI4,,,,,,
19118899,UB2D1,P51668,RAG1_HUMAN,,P15918,C9JYI4_HUMAN,C9JYI4,,,,,,
19118899,,,RAG1_HUMAN,,P15918,RAG1_HUMAN,P15918,,,,,,
12525704,,,RFPLA_HUMAN,,A6NLU0,CCNB1_HUMAN,P14635,,,,,,
17805301,,,RFWD2_HUMAN,,Q8NHY2,CRTC2_HUMAN,Q53ET0, K629,GDSSPGFSKEIAAALAG,mutation,,,
16931761,,,RFWD2_HUMAN,,Q8NHY2,RFWD2_HUMAN,Q8NHY2,,,,,,
15103385,,,RFWD2_HUMAN,,Q8NHY2,P53_HUMAN,P04637,,,,,,
16794074,,,RFWD2_HUMAN,,Q8NHY2,ACACA_HUMAN,Q13085,,,,,,
19059499,,,RING2_HUMAN,PRC1 complex,Q99496,H2A1_HUMAN,P0C0S8, K119,IQAVLLPKKTESHHKAK,MS,UBP16_HUMAN ,Q9Y5T5,"10077596, 17914355"
19059499,,,RING2_HUMAN,PRC1 complex,Q99496,H2A1_HUMAN,P0C0S8, K118,NIQAVLLPKKTESHHKA,MS,UBP16_HUMAN ,Q9Y5T5,"10077596, 17914355"
17157253,,,RING2_HUMAN,PRC1 complex,Q99496,RING2_HUMAN,Q99496,,,,,,
16288031,,,RN115_HUMAN,,Q9Y4L5,RN115_HUMAN,Q9Y4L5,,,,,,
15531880,,,RN123_HUMAN,,Q5XPI4,CDN1B_HUMAN,P46527,,,,,,
17990982,,,RN125_HUMAN,,Q96EQ8,RN125_HUMAN,Q96EQ8,,,,,,
17460044,,,RN125_HUMAN,,Q96EQ8,DDX58_HUMAN,O95786,,,,,,
18641297,,,RN128_HUMAN,,Q8TEB7,CD40L_HUMAN,P29965,,,,,,
19017631,,,RN135_HUMAN,,Q8IUD6,DDX58_HUMAN,O95786,,,,,,
16714285,,,RN138_HUMAN,,Q8WVD3,LEF1_HUMAN,Q9UJU2,,,,,,
16399501,,,RN139_HUMAN,,Q8WU17,INSI1_HUMAN,O15503, K158,HLGEPHKFKREWASVMR,mutation,,,
16399501,,,RN139_HUMAN,,Q8WU17,INSI1_HUMAN,O15503, K156,DSHLGEPHKFKREWASV,mutation,,,
12032852,,,RN139_HUMAN,,Q8WU17,RN139_HUMAN,Q8WU17,,,,,,
16314844,UB2E1,P51965,RN167_HUMAN,,Q9H6Y7,S22AI_HUMAN,Q96BI1,,,,,,
19500350,,,RN168_HUMAN,,Q8IYW5,H2AX_HUMAN,P16104, K119,IQAVLLPKKTSATVGPK,mutation,,,
19203578,,,RN168_HUMAN,,Q8IYW5,H2A1_HUMAN,P0C0S8,,,,,,
19203578,UBE2N,P61088,RN168_HUMAN,UBC13/MMS2 complex,Q8IYW5,RN168_HUMAN,Q8IYW5,,,,,,
18363970,UB2E1,P51965,RN180_HUMAN,,Q86T96,ZIC2_HUMAN,O95409,,,,,,
18331836,UB2D1,P51668,RN181_HUMAN,,Q9P0P0,ITA2B_HUMAN,P08514,,,,,,
18331836,,,RN181_HUMAN,,Q9P0P0,RN181_HUMAN,Q9P0P0,,,,,,
17558393,,,RN185_HUMAN,,Q96GF1,SDOS_HUMAN,Q9BRJ7,,,,,,
16513638,,,RN19A_HUMAN,,Q9NV58,CASR_HUMAN,P41180,,,,,,
12750386,,,RN19A_HUMAN,,Q9NV58,SNCAP_HUMAN,Q9Y6H5,,,,,,
12145308,,,RN19A_HUMAN,,Q9NV58,SODC_HUMAN,P00441,,,,,,
11237715,UB2L3,P68036,RN19A_HUMAN,,Q9NV58,RN19A_HUMAN,Q9NV58,,,,,,
11237715,UB2L6,O14933,RN19A_HUMAN,,Q9NV58,RN19A_HUMAN,Q9NV58,,,,,,
16709802,UB2L3,P68036,RN19B_HUMAN,,Q6ZMZ0,UCKL1_HUMAN,Q9NWZ5,,,,,,
16709802,UB2L6,O14933,RN19B_HUMAN,,Q6ZMZ0,UCKL1_HUMAN,Q9NWZ5,,,,,,
16968706,,,RN216_HUMAN,,Q9NWF9,RIPK1_HUMAN,Q13546,,,,,,
15107846,,,RN216_HUMAN,,Q9NWF9,TLR4_HUMAN,O00206,,,,,,
15107846,,,RN216_HUMAN,,Q9NWF9,TLR9_HUMAN,Q9NR96,,,,,,
19893624,,,RN216_HUMAN,,Q9NWF9,TRAF3_HUMAN,Q13114,,,,,,
20170641,UB2D3,P61077,RN220_HUMAN,,Q5VTB9,SIN3B_HUMAN,O75182,,,,,,
14562029,,,RNF11_HUMAN,,Q9Y3C5,RNF11_HUMAN,Q9Y3C5,,,,,,
14562029,,,RNF11_HUMAN,,Q9Y3C5,SMUF2_HUMAN,Q9HAU4,,,,,,
19164295,UB2D1,P51668,RNF12_HUMAN,,Q9NVW2,TERF1_HUMAN,P54274,,,,,,
18794910,,,RNF13_HUMAN,,O43567,RNF13_HUMAN,O43567,,,,,,
11322894,,,RNF14_HUMAN,,Q9UBS8,RNF14_HUMAN,Q9UBS8,,,,,,
19237537,,,RNF31_HUMAN,,Q96EP0,NR0B1_HUMAN,P51843,,,,,,
15069192,,,RNF34_HUMAN,,Q969K3,CASP8_HUMAN,Q14790,,,,,,
15069192,,,RNF34_HUMAN,,Q969K3,CASPA_HUMAN,Q92851,,,,,,
"15314180, 17210635",,,RNF41_HUMAN,,Q9H4P4,ERBB4_HUMAN,Q15303,,,,,,
19483718,UB2D1,P51668,RNF41_HUMAN,UbcH13-Uev1A complex,Q9H4P4,MYD88_HUMAN,Q99836,,,,,,
19483718,UB2D1,P51668,RNF41_HUMAN,UbcH13-Uev1A complex,Q9H4P4,TBK1_HUMAN,Q9UHD2,,,,,,
19483718,UBE2N,P61088,RNF41_HUMAN,UbcH13-Uev1A complex,Q9H4P4,MYD88_HUMAN,Q99836,,,,,,
19483718,UBE2N,P61088,RNF41_HUMAN,UbcH13-Uev1A complex,Q9H4P4,TBK1_HUMAN,Q9UHD2,,,,,,
15314180,,,RNF41_HUMAN,,Q9H4P4,ERBB3_HUMAN,P21860,,,,,,
15314180,,,RNF41_HUMAN,,Q9H4P4,RNF41_HUMAN,Q9H4P4,,,,Q05CD9_HUMAN, Q05CD9,15314180
14765125,,,RNF41_HUMAN,,Q9H4P4,BIRC6_HUMAN,Q9NR09,,,,,,
12411582,,,RNF41_HUMAN,,Q9H4P4,ERBB3_HUMAN,P21860,,,,,,
18541373,,,RNF41_HUMAN,,Q9H4P4,PRKN2_HUMAN,O60260,,,,,,
18313049,,,RNF43_HUMAN,,Q68DV7,RNF43_HUMAN,Q68DV7,,,,,,
19285439,,,RNF5_HUMAN,,Q99942,TM173_HUMAN,Q86WV6, K150,AEISAVCEKGNFNVAHG,mutation,,,
19269966,,,RNF5_HUMAN,,Q99942,JKAMP_HUMAN,Q9P055,,,,,,
12861019,UBE2N,P61088,RNF5_HUMAN,UBC13/MMS2 complex,Q99942,PAXI_HUMAN,P49023,,,,,,
16204183,,,RNF6_HUMAN,,Q9Y252,LIMS1_HUMAN,P48059,,,,,,
19345326,,,RNF6_HUMAN,,Q9Y252,ANDR_HUMAN,P10275,,,,,,
11322894,,,RNF8_HUMAN,,O76064,RNF8_HUMAN,O76064,,,,,,
18001824,,,RNF8_HUMAN,,O76064,H2A1_HUMAN,P0C0S8,,,,,,
18022694,,,RO52_HUMAN,,P19474,IRF3_HUMAN,Q14653,,,,,,
18641315,,,RO52_HUMAN,,P19474,IGHG1_HUMAN,P01857,,,,,,
19710010,UB2D1,P51668,SH3R1_HUMAN,,Q7Z6J0,IRK1_HUMAN,P48048,,,,,,
15659549,,,SH3R1_HUMAN,,Q7Z6J0,SH3R1_HUMAN ,Q7Z6J0,,,,,,
17108083,,,SHPRH_HUMAN,UBC13/MMS2 complex,Q149N8,PCNA_HUMAN,P12004,,,,UBP1_HUMAN,O94782,20129063
20018442,,,SIAH1_HUMAN,,Q8IUQ4,HIPK2_HUMAN,Q9H2X6,,,,,,
19696028,,,SIAH1_HUMAN,,Q8IUQ4,MARE3_HUMAN,Q9UPY8,,,,,,
19091460,,,SIAH1_HUMAN,,Q8IUQ4,CTNB1_HUMAN,P35222,,,,,,
11146551,,,SIAH1_HUMAN,,Q8IUQ4,KIF22_HUMAN,Q14807,,,,,,
15163799,,,SIAH1_HUMAN,,Q8IUQ4,GRM5_HUMAN,P41594,,,,,,
15163637,,,SIAH1_HUMAN,,Q8IUQ4,STAR_HUMAN,P49675,,,,,,
19744480,,,SIAH2_HUMAN,,O43255,MYPT1_HUMAN,O14974,,,,,,
19509332,,,SIAH2_HUMAN,,Q6P3S6,P53_HUMAN,P04637,,,,,,
19423641,,,SIAH2_HUMAN,,O43255,SPY2_HUMAN,O43597,,,,,,
17716627,,,SIAH2_HUMAN,,O43255,KIF15_HUMAN,Q9NS87,,,,,,
16958618,,,SIAH2_HUMAN,,O43255,EGLN3_HUMAN,Q9H6Z9,,,,,,
16888801,,,SIAH2_HUMAN,,O43255,SH3K1_HUMAN,Q96B97,,,,,,
12411493,,,SIAH2_HUMAN,,O43255,TRAF2_HUMAN,Q12933,,,,,,
19935701,,,SKP2_HUMAN,SCF(SKP2),Q13309,ING3_HUMAN,Q9NXR8, K96,DLVDRHLRKLDQELAKF,mutation,,,
10871850,,,SKP2_HUMAN,,Q13309,MYBB_HUMAN,P10244,,,,,,
10559858,,,SKP2_HUMAN,,Q13309,E2F1_HUMAN,Q01094,,,,,,
19363486,,,SMUF1_HUMAN,,Q9HCE7,TLN1_HUMAN,Q9Y490,,,,,,
19318350,,,SMUF1_HUMAN,,Q9HCE7,RHOA_HUMAN,P61586,,,,,,
19481076,,,SMUF2_HUMAN,,Q9HAU4,GSK3B_HUMAN,P49841,,,,,,
18927080,,,SMUF2_HUMAN,,Q9HAU4,SMUF1_HUMAN,Q9HCE7,,,,,,
14755250,,,SMUF2_HUMAN,Smurf2/AMSH/RNF11 complex,Q9HAU4,STALP_HUMAN,Q96FJ0,,,,,,
11016919,,,SMUF2_HUMAN,,Q9HAU4,SMAD2_HUMAN,Q15796,,,,,,
16129414,,,SPOP_HUMAN,,O43791,H2AY_HUMAN,O75367, K117,IHPELLAKKRGSKGKLE,MS,,,
16129414,,,SPOP_HUMAN,,O43791,H2AY_HUMAN,O75367, K116,NIHPELLAKKRGSKGKL,MS,,,
19955409,,,SPOP_HUMAN,Cul3/SPOP complex,O43791,GLI1_HUMAN,P08151,,,,,,
19835843,,,SYVN1_HUMAN,,Q86TM6,AMFR2_HUMAN,Q9UKV5,,,,,,
17059562,UB2G1,P62253,SYVN1_HUMAN,,Q86TM6,GPR37_HUMAN,O15354,,,,,,
17170702,,,SYVN1_HUMAN,,Q86TM6,P53_HUMAN,P04637,,,,,,
18369366,,,SYVN1_HUMAN,,Q86TM6,ERN1_HUMAN,O75460,,,,,,
19556538,UB2L6,O14933,TIF1A_HUMAN,,O15164,P53_HUMAN,P04637,,,,,,
15247280,UB2D3,P61077,TOPRS_HUMAN,,Q9NS56,P53_HUMAN,P04637,,,,,,
15247280,UB2D1,P51668,TOPRS_HUMAN,,Q9NS56,P53_HUMAN,P04637,,,,,,
15247280,UB2E1,P51965,TOPRS_HUMAN,,Q9NS56,P53_HUMAN,P04637,,,,,,
18077445,,,TOPRS_HUMAN,,Q9NS56,NKX31_HUMAN,Q99801,,,,,,
"18570872, 15175328",,,TRAF2_HUMAN,,Q12933,RIPK1_HUMAN,Q13546,,,,,,
19584093,,,TRAF2_HUMAN,,Q12933,MK11_HUMAN,Q15759,,,,,,
18997792,,,TRAF2_HUMAN,,Q12933,BIRC3_HUMAN,Q13489,,,,,,
19713527,,,TRAF6_HUMAN,,Q9Y4K3,AKT1_HUMAN,P31749, K8,-MSDVAIVKEGWLHKRG,mutation,,,
"18758450, 20038579",,,TRAF6_HUMAN,,Q9Y4K3,M3K7_HUMAN,O43318, K34,LNFEEIDYKEIEVEEVV,mutation,,,
19713527,,,TRAF6_HUMAN,,Q9Y4K3,AKT1_HUMAN,P31749, K14,IVKEGWLHKRGEYIKTW,mutation,,,
11909853,,,TRAF6_HUMAN,,Q9Y4K3,TRAF6_HUMAN,Q9Y4K3,,,,,,
14743216,,,TRAF7_HUMAN,,Q6Q0C0,TRAF7_HUMAN,Q6Q0C0,,,,,,
18628401,,,TRI11_HUMAN,,Q96F44,PAX6_HUMAN,P26367,,,,,,
16904669,,,TRI11_HUMAN,,Q96F44,MED15_HUMAN,Q96RN5,,,,,,
12670303,,,TRI11_HUMAN,,Q96F44,HMN1_HUMAN,P0CJ68,,,,,,
17314412,,,TRI13_HUMAN,,O60858,TERA_HUMAN,P55072,,,,,,
19358823,,,TRI17_HUMAN,,Q9Y577,TRI17_HUMAN,Q9Y577,,,,TRI44_HUMAN, Q96DX7,19358823
11685209,,,TRI18_HUMAN,,O15344,PP2AB_HUMAN,P62714,,,,,,
18656448,,,TRI22_HUMAN,,Q8IYM9,TRI22_HUMAN,Q8IYM9,,,,,,
15684077,,,TRI23_HUMAN,,P36406,TRI23_HUMAN,P36406,,,,,,
17392790,,,TRI25_HUMAN,,Q14258,DDX58_HUMAN,O95786,,,,,,
12075357,,,TRI25_HUMAN,,Q14258,1433S_HUMAN,P31947,,,,,,
19349376,,,TRI32_HUMAN,,Q13049,DTBP1_HUMAN,Q96EV8,,,,,,
18632609,,,TRI32_HUMAN,,Q13049,ABI2_HUMAN,Q9NYB9,,,,,,
16243356,UB2D3,P61077,TRI32_HUMAN,,Q13049,ACTS_HUMAN,P68133,,,,,,
16243356,UB2D1,P51668,TRI32_HUMAN,,Q13049,ACTS_HUMAN,P68133,,,,,,
16243356,UB2E1,P51965,TRI32_HUMAN,,Q13049,ACTS_HUMAN,P68133,,,,,,
16816390,,,TRI32_HUMAN,,Q13049,PIAS4_HUMAN,Q8N2W9,,,,,,
15885686,,,TRI37_HUMAN,,O94972,TRI37_HUMAN,O94972,,,,,,
17893151,,,TRI41_HUMAN,,Q8WV44,KPCB_HUMAN,P05771,,,,,,
18398435,,,TRI50_HUMAN,,Q86XT4,TRI50_HUMAN,Q86XT4,,,,,,
18687884,,,TRIM2_HUMAN,,Q9C040,NFL_HUMAN,P07196,,,,,,
16472833,,,TRIM5_HUMAN,,Q9C035,TRIM5_HUMAN,Q9C035,,,,,,
12163497,,,TRIM8_HUMAN,,Q9BZR9,SOCS1_HUMAN,O15524,,,,,,
20059950,UB2D2,P62837,TTC3_HUMAN,,P53804,AKT1_HUMAN,P31749,,,,,,
20059950,UB2D3,P61077,TTC3_HUMAN,,P53804,AKT1_HUMAN,P31749,,,,,,
20211139,,,UBE3A_HUMAN,,Q05086,ARPC3_HUMAN,O15145,,,,,,
19645749,,,UBE3A_HUMAN,,Q05086,SYUA_HUMAN,P37840,,,,,,
19325566,,,UBE3A_HUMAN,,Q05086,PML_HUMAN,P29590,,,,,,
19204938,,,UBE3A_HUMAN,,Q05086,ANXA1_HUMAN,P04083,,,,,,
11027293,,,UBE3A_HUMAN,,Q05086,SCRIB_HUMAN,Q14160,,,,,,
10373495,UB2L3,P68036,UBE3A_HUMAN,,Q05086,RD23A_HUMAN,P54725,,,,,,
10373495,UB2L3,P68036,UBE3A_HUMAN,,Q05086,RD23B_HUMAN,P54727,,,,,,
9852095,,,UBE3A_HUMAN,,Q05086,MCM7_HUMAN,P33993,,,,,,
7724550,UB2D2,P62837,UBE3A_HUMAN,,Q05086,P53_HUMAN,P04637,,,,,,
11435423,,,UBE4A_HUMAN,,Q14139 ,UBE4A_HUMAN,Q14139,,,,,,
20080676,,,UBR2_HUMAN,UBR2/HR6B complex,Q8IWV8,H2A1_HUMAN,P0C0S8,,,,,,
11714696,UB2D2,P62837,UBR5_HUMAN,,O95071,UBR5_HUMAN,O95071,,,,,,
11714696,UB2D2,P62837,UBR5_HUMAN,,O95071,TOPB1_HUMAN,Q92547,,,,,,
11714696,UB2D3,P61077,UBR5_HUMAN,,O95071,UBR5_HUMAN,O95071,,,,,,
11714696,UB2D3,P61077,UBR5_HUMAN,,O95071,TOPB1_HUMAN,Q92547,,,,,,
"14993289, 17967883",,,UHRF1_HUMAN,,Q96T88 ,H31_HUMAN ,P68431 ,,,,,,
14741369,,,UHRF2_HUMAN,,Q96PU4,PCNP_HUMAN,Q8WW12,,,,,,
10878807,,,VHL_HUMAN,VHL-Elongin BC-CUL2 complex,P40337,HIF1A_HUMAN,Q16665,,,,,,
16203730,,,VPS18_HUMAN,Elongin-Cullin-SOCS-box protein complex,Q9P253,PLK2_HUMAN,Q9NYY3,,,,,,
20018442,,,WSB1_HUMAN,,Q9Y6I7,HIPK2_HUMAN,Q9H2X6,,,,,,
19651899,,,WSB1_HUMAN,,Q9Y6I7,IOD2_HUMAN,Q92813,,,,,,
"19047365, 19561640",,,WWP1_HUMAN,,Q9H0M0,ERBB4_HUMAN,Q15303,,,,,,
19307600,,,WWP1_HUMAN,,Q9H0M0,SPG20_HUMAN,Q8N0X7,,,,,,
18806757,,,WWP1_HUMAN,,Q9H0M0,P63_HUMAN,Q9H3D4,,,,,,
19651900,,,WWP2_HUMAN,,O00308,EGR2_HUMAN,P11161,,,,,,
12747801,,,XIAP_HUMAN,,P98170,XIAP_HUMAN,P98170, K328,HAKWYPGCKYLLEQKGQ,MS and mutation,,,
15749826,,,XIAP_HUMAN,,P98170,CASP9_HUMAN,P55211,    ,,,,,
19473982,,,XIAP_HUMAN,,P98170,PTEN_HUMAN,P60484,,,,,,
18761086,,,XIAP_HUMAN,,P98170,M3K2_HUMAN,Q9Y2U5,,,,,,
17967870,,,XIAP_HUMAN,,P98170,AIF1_HUMAN,P55008,,,,,,
15756021,,,XIAP_HUMAN,,P98170,HSP71_HUMAN,P08107,,,,,,
15749826,,,XIAP_HUMAN,,P98170,DBLOH_HUMAN,Q9NR28,,,,,,
20008555,,,ZN363_HUMAN,,Q96PM5,POLH_HUMAN,Q9Y253,,,,,,
"19445020, 18006823",,,ZN363_HUMAN,,Q96PM5,CDN1B_HUMAN,P46527,,,,,,
12654245,,,ZN363_HUMAN,,Q96PM5,P53_HUMAN,P04637,,,,,,
18344599,,,ZN363_HUMAN,,Q96PM5,SRP09_HUMAN,P49458,,,,,,
14561866,,,ZNRF1_HUMAN,,Q8ND25,ZNRF1_HUMAN,Q8ND25,,,,,,
14561866,,,ZNRF2_HUMAN,,Q8NHG8,ZNRF2_HUMAN,Q8NHG8,,,,,,
,,,,,,MDM4_HUMAN ,O15151,,,,UBP2_HUMAN ,O75604,19838211
,,,,,,FAS_HUMAN ,P49327,,,,UBP2_HUMAN ,O75604,15050917
,,,,,,MDM2_HUMAN,Q00987,,,,UBP7_HUMAN,Q93009,15053880
,,,,,,FOXO4_HUMAN,P98177 ,,,,UBP7_HUMAN,Q93009,16964248
,,,,,,MCL1_HUMAN ,Q07820,,,,Q6P468_HUMAN,Q6P468,20023629
